Name,DSPDF,Description,MSDS,Status,Code,PDF
Mica,,General,SDS,S,325M,https://drive.google.com/file/d/0B6IX--uvyx8TclpSTFpoWnlqanM/view?usp=sharing
Blanc Fixe -P,http://www.safepigment.com/files/pdf/DS_Blanc-Fixe-180P-198BT.pdf,Untreated,SDS,S,180 P,http://www.safepigment.com/files/pdf/SDS_Blanc-Fixe-180P-198BT.pdf
Blanc Fixe - Ultra Fine,http://www.safepigment.com/files/pdf/DS_Blanc-Fixe-180P-198BT.pdf,Surface Treated (0.7 um),SDS,S,198 BT,http://www.safepigment.com/files/pdf/SDS_Blanc-Fixe-180P-198BT.pdf
Titanium Dioxide - Rutile,http://www.safepigment.com/files/pdf/DS_R208-unTreated-Rutile.pdf,Untreated,SDS,S,R208,http://www.safepigment.com/files/pdf/SDS_TiO2.pdf
Titanium Dioxide - Rutile,http://www.safepigment.com/files/pdf/DS_R255.pdf,Surface treated,SDS,S,R255z/R255,http://www.safepigment.com/files/pdf/SDS_TiO2.pdf
Titanium Dioxide - Rutile,http://www.safepigment.com/files/pdf/DS_CR255.pdf,,SDS,S,CR255,http://www.safepigment.com/files/pdf/SDS_TiO2.pdf
Titanium Dioxide - Anatase,http://www.safepigment.com/files/pdf/DS_A121.pdf,General grade,SDS,S,A121,http://www.safepigment.com/files/pdf/SDS_TiO2.pdf
Titanium Dioxide - Anatase,http://www.safepigment.com/files/pdf/DS_A171.pdf,Fiber grade,SDS,S,A171,http://www.safepigment.com/files/pdf/SDS_TiO2.pdf
White Cloud 30 Lithopone,http://www.safepigment.com/files/pdf/DS-WC30.pdf,30% ZnS,SDS,S,WC30,http://www.safepigment.com/files/pdf/SDS_WC30.pdf
Barium Metaborate,http://www.safepigment.com/files/pdf/DS_BMB.pdf,Anti - Corrosion Pigment,SDS,S,BMB,http://www.safepigment.com/files/pdf/SDS_BMB.pdf